cv_index,test_acc,loss
0.0,0.5035586953163147,0.6924752857949998
0.0,0.5088967680931091,0.6915893041425281
0.0,0.5142349004745483,0.6903781907425987
0.0,0.5320284366607666,0.6896673209137387
0.0,0.5462633371353149,0.6888887915346358
0.0,0.5649465918540955,0.6872351682848401
0.0,0.5587188601493835,0.6857705182499356
0.0,0.581850528717041,0.6841106994284524
0.0,0.5925266742706299,0.6815865900781419
0.0,0.599644124507904,0.6789629790518019
0.0,0.6014235019683838,0.6766639682981703
0.0,0.6129893064498901,0.6715380400419235
0.0,0.6138790249824524,0.6710155920849906
0.0,0.621886134147644,0.6654047783878114
0.0,0.6343416571617126,0.6620491875542535
0.0,0.6370106935501099,0.6561037881506814
0.0,0.6396797299385071,0.6550232602490319
0.0,0.6574733257293701,0.6440487056970596
0.0,0.6619216799736023,0.639384518067042
0.0,0.668149471282959,0.6330199473434024
0.0,0.6752669215202332,0.6290197090970145
0.0,0.6788256168365479,0.6168734265698327
0.0,0.6868327260017395,0.6094637314478556
0.0,0.6957295536994934,0.5975480029980341
0.0,0.7028469443321228,0.5844688051276736
0.0,0.7197508811950684,0.5815090239048004
0.0,0.7188612222671509,0.5583757824367948
0.0,0.7393238544464111,0.5512343611982133
0.0,0.7330960631370544,0.5380097371008661
0.0,0.732206404209137,0.5254757586452696
0.0,0.7428825497627258,0.5263113851348559
0.0,0.7473309636116028,0.5182213245166672
0.0,0.7517793774604797,0.5126973249846034
0.0,0.7615658044815063,0.5018303286698129
0.0,0.7695729732513428,0.48681797004408306
0.0,0.7731316685676575,0.4858960368567043
0.0,0.7766903638839722,0.47998831255568397
0.0,0.7775800824165344,0.47044851465357673
0.0,0.7784697413444519,0.46812936084138024
0.0,0.7820284366607666,0.4546843750609292
0.0,0.7793594002723694,0.4522013126148118
0.0,0.7775800824165344,0.45059723572598565
0.0,0.7882562279701233,0.45429249273406136
0.0,0.7873665690422058,0.4535927474498749
0.0,0.7909252643585205,0.4427584947811233
0.0,0.7935943007469177,0.4394108172920015
0.0,0.7838078141212463,0.4388207371036212
0.0,0.7882562279701233,0.4451225946346919
0.0,0.7846974730491638,0.41724425642233753
0.0,0.7989323735237122,0.4253830413023631
0.0,0.7731316685676575,0.42946284429894555
0.0,0.7909252643585205,0.4215778642230564
0.0,0.791814923286438,0.4221527518497573
0.0,0.7971529960632324,0.4122895573576291
0.0,0.7962633371353149,0.4154190139638053
0.0,0.7980427145957947,0.4047690938330359
0.0,0.7882562279701233,0.4060937985777855
0.0,0.7891458868980408,0.41985924128029084
0.0,0.7829181551933289,0.41724196159177357
0.0,0.7927046418190002,0.40970980044868255
0.0,0.7882562279701233,0.4112212633093198
0.0,0.7891458868980408,0.40484021852413815
0.0,0.7927046418190002,0.41525635081860757
0.0,0.7909252643585205,0.4077425462504228
0.0,0.7962633371353149,0.4090748421019978
0.0,0.7953736782073975,0.4046365155114068
0.0,0.7775800824165344,0.41697826484839123
0.0,0.7971529960632324,0.41527803656127715
0.0,0.7891458868980408,0.39366158015198177
0.0,0.7855871915817261,0.40965677632225883
0.0,0.790035605430603,0.42812054148978657
0.0,0.7935943007469177,0.3952810126874182
0.0,0.7909252643585205,0.4004933465686109
0.0,0.7962633371353149,0.4039856311347749
0.0,0.8016014099121094,0.39781510912709767
0.0,0.7891458868980408,0.4085623518460327
0.0,0.7953736782073975,0.41313394324647057
0.0,0.7838078141212463,0.40540728635258144
0.0,0.7962633371353149,0.4086933640970124
0.0,0.7846974730491638,0.40541890180773205
0.0,0.7971529960632324,0.40719179974661934
0.0,0.7980427145957947,0.40560347504085964
0.0,0.7909252643585205,0.3955443501472473
0.0,0.8007117509841919,0.3969629878799121
0.0,0.7864768505096436,0.41152649207247627
0.0,0.7971529960632324,0.3969554598960612
0.0,0.7971529960632324,0.42083555749720997
0.0,0.7873665690422058,0.4144835877749655
0.0,0.791814923286438,0.39430757860342663
1.0,0.5133451819419861,0.6926209413343005
1.0,0.5346975326538086,0.691064801481035
1.0,0.5435943007469177,0.6896752367417017
1.0,0.5569394826889038,0.6885208851761289
1.0,0.5631672739982605,0.6879618664582571
1.0,0.5667259693145752,0.6857858714130189
1.0,0.559608519077301,0.6850336790084839
1.0,0.5693950057029724,0.6819837788740793
1.0,0.5782918334007263,0.6802284171183904
1.0,0.5827401876449585,0.6795348624388377
1.0,0.5738434195518494,0.6778997977574667
1.0,0.5880782604217529,0.6744321121109856
1.0,0.5871886014938354,0.6716164267725415
1.0,0.5943060517311096,0.6696944832801819
1.0,0.5978647470474243,0.6655055897103416
1.0,0.6112099885940552,0.6607653084728453
1.0,0.6156583428382874,0.6554730667008294
1.0,0.6067615747451782,0.6592098838753171
1.0,0.6263344883918762,0.6493923962116241
1.0,0.6370106935501099,0.6431152191427019
1.0,0.6379003524780273,0.6412573274638917
1.0,0.6521352529525757,0.6296662042538325
1.0,0.641459047794342,0.6300381504827075
1.0,0.6779359579086304,0.6180071714851592
1.0,0.6663700938224792,0.6121051145924462
1.0,0.687722384929657,0.6033425645695792
1.0,0.6975088715553284,0.5963142365217209
1.0,0.6992882490158081,0.5924044466680951
1.0,0.708185076713562,0.5743877357906766
1.0,0.7170818448066711,0.5717411736647288
1.0,0.709964394569397,0.558292475839456
1.0,0.7215302586555481,0.5530042582088046
1.0,0.7233095765113831,0.5474443286657333
1.0,0.7188612222671509,0.5447097760107782
1.0,0.7535586953163147,0.5224757856792874
1.0,0.7250889539718628,0.5226391611827744
1.0,0.7482206225395203,0.5073181556330787
1.0,0.7588967680931091,0.5015950914886262
1.0,0.7517793774604797,0.4954821649524901
1.0,0.7624555230140686,0.47932806197139954
1.0,0.7580071091651917,0.4814872650636567
1.0,0.7615658044815063,0.47727500481737983
1.0,0.7686832547187805,0.4689592131310039
1.0,0.7615658044815063,0.47637951539622414
1.0,0.7749110460281372,0.4555450851718585
1.0,0.767793595790863,0.45415590869055855
1.0,0.7669039368629456,0.4620706033375528
1.0,0.7660142183303833,0.45366981791125405
1.0,0.7686832547187805,0.45224498709042865
1.0,0.7731316685676575,0.4337804466485977
1.0,0.7713522911071777,0.4388943091034889
1.0,0.7731316685676575,0.43312912351555294
1.0,0.7749110460281372,0.4365127624736892
1.0,0.7713522911071777,0.43695881631639266
1.0,0.7704626321792603,0.4254470591743787
1.0,0.7829181551933289,0.43373390121592414
1.0,0.7829181551933289,0.4270720635023382
1.0,0.7829181551933289,0.41557201908694374
1.0,0.7873665690422058,0.42769498626391095
1.0,0.7820284366607666,0.4178595236606068
1.0,0.7811387777328491,0.4177514927254783
1.0,0.7802491188049316,0.41678386595514083
1.0,0.7811387777328491,0.4146791481309467
1.0,0.7935943007469177,0.4151180220974816
1.0,0.7820284366607666,0.4251864014400376
1.0,0.7962633371353149,0.41070223848025006
1.0,0.7802491188049316,0.4162501518925031
1.0,0.7935943007469177,0.4053540610604816
1.0,0.7820284366607666,0.41999289558993447
1.0,0.7873665690422058,0.40177646486295593
1.0,0.7811387777328491,0.40469656967454487
1.0,0.8007117509841919,0.4033065607978238
1.0,0.7980427145957947,0.41372574617465335
1.0,0.790035605430603,0.4106897951828109
1.0,0.7971529960632324,0.39760075012842816
1.0,0.8060498237609863,0.3989400118589401
1.0,0.8042704463005066,0.41211336395806736
1.0,0.8033807873725891,0.40083813584513134
1.0,0.8033807873725891,0.3998524670799573
1.0,0.7935943007469177,0.41007860253254574
1.0,0.8033807873725891,0.3936752908759647
1.0,0.7971529960632324,0.4104695324268606
1.0,0.7980427145957947,0.3985070143308904
1.0,0.7793594002723694,0.40785835352208877
1.0,0.7980427145957947,0.4028826244175434
1.0,0.8016014099121094,0.4066947235001458
1.0,0.8078292012214661,0.40270557668473983
1.0,0.7864768505096436,0.40496644253532094
1.0,0.7953736782073975,0.4073290957344903
1.0,0.8042704463005066,0.4082400053739548
1.0,0.8113878965377808,0.3920261396302117
1.0,0.7998220324516296,0.3986647046274609
1.0,0.809608519077301,0.3979619861476951
1.0,0.7864768505096436,0.39837923190659946
1.0,0.809608519077301,0.40822433349159026
1.0,0.8104982376098633,0.4010514207184315
1.0,0.809608519077301,0.4002585911916362
1.0,0.8060498237609863,0.39267456117603516
1.0,0.8069394826889038,0.3982323168052567
1.0,0.7980427145957947,0.3995018419292238
1.0,0.7891458868980408,0.41409945487976074
1.0,0.814056932926178,0.4030391139288743
1.0,0.814056932926178,0.3913208039270507
1.0,0.8104982376098633,0.38722411129209733
1.0,0.8078292012214661,0.39443564953075516
1.0,0.8113878965377808,0.4091047876411014
1.0,0.8087188601493835,0.38460539281368256
1.0,0.8051601648330688,0.40942174527380204
1.0,0.8122775554656982,0.3918128369583024
1.0,0.8033807873725891,0.4019143527580632
1.0,0.8176156282424927,0.3847144681235982
1.0,0.8158363103866577,0.40266165799564785
1.0,0.8051601648330688,0.40460854437616134
1.0,0.8069394826889038,0.38445714462755454
1.0,0.8167259693145752,0.38060294050309396
1.0,0.8176156282424927,0.38808123601807487
1.0,0.809608519077301,0.40721212906969917
1.0,0.8167259693145752,0.39860255147020024
1.0,0.8158363103866577,0.3917408651775784
1.0,0.8202846646308899,0.39211466535925865
1.0,0.7864768505096436,0.42654578884442645
1.0,0.8122775554656982,0.4010930152402984
1.0,0.8122775554656982,0.39744145298997563
1.0,0.7909252643585205,0.4037548440198104
1.0,0.8167259693145752,0.3863966249757343
1.0,0.8104982376098633,0.3909203190770414
1.0,0.8078292012214661,0.39086803793907166
1.0,0.8149465918540955,0.3794204485085275
1.0,0.8113878965377808,0.4233279944294029
1.0,0.790035605430603,0.414698976609442
1.0,0.8078292012214661,0.40202779405646855
1.0,0.8042704463005066,0.39459453605943257
1.0,0.7935943007469177,0.4064626060426235
1.0,0.8167259693145752,0.38961879329548943
1.0,0.814056932926178,0.39420468029048705
1.0,0.7953736782073975,0.4063827006353272
1.0,0.8078292012214661,0.39969513316949207
1.0,0.7971529960632324,0.41513822558853364
1.0,0.814056932926178,0.38294461535082924
1.0,0.7998220324516296,0.4201349698834949
1.0,0.791814923286438,0.41925448634558254
1.0,0.809608519077301,0.40944840759038925
1.0,0.8167259693145752,0.3908485600517856
1.0,0.7944839596748352,0.41763960290700197
1.0,0.8078292012214661,0.3898080728120274
1.0,0.8220640420913696,0.3839615293674999
1.0,0.7927046418190002,0.3953230608668592
1.0,0.8158363103866577,0.39026009208626217
2.0,0.48220640420913696,0.6935428380966187
2.0,0.4902135133743286,0.6925017800596025
2.0,0.5071174502372742,0.6912990742259555
2.0,0.5204626321792603,0.6914177272054884
2.0,0.5391458868980408,0.6906985292832056
2.0,0.541814923286438,0.6893790562947592
2.0,0.5498220324516296,0.6884236153629091
2.0,0.5622775554656982,0.6865932643413544
2.0,0.5738434195518494,0.6876246614588631
2.0,0.5622775554656982,0.68581955631574
2.0,0.5693950057029724,0.6832641727394528
2.0,0.5765124559402466,0.6820485442876816
2.0,0.5880782604217529,0.6798191136784024
2.0,0.5943060517311096,0.6792496724261178
2.0,0.5907472968101501,0.6722050739659203
2.0,0.5978647470474243,0.6725323465135362
2.0,0.6067615747451782,0.6718824588590198
2.0,0.6103202700614929,0.6668583866622713
2.0,0.6103202700614929,0.6609600020779504
2.0,0.6272242069244385,0.6603327029281192
2.0,0.6307829022407532,0.6525018579430051
2.0,0.6370106935501099,0.6576336009634866
2.0,0.6334519386291504,0.6437614858150482
2.0,0.650355875492096,0.6377759294377433
2.0,0.6485764980316162,0.6311991926696565
2.0,0.663701057434082,0.6213141365183724
2.0,0.6556939482688904,0.6161530166864395
2.0,0.6672597527503967,0.60847840209802
2.0,0.6779359579086304,0.6017490708165698
2.0,0.6868327260017395,0.5858588715394338
2.0,0.6948398351669312,0.5746888220310211
2.0,0.6992882490158081,0.574015205932988
2.0,0.7046263217926025,0.5583985207809342
2.0,0.7108541131019592,0.5509161965714561
2.0,0.70551598072052,0.5450083373321427
2.0,0.7135231494903564,0.5427036450968848
2.0,0.7126334309577942,0.5378575010432137
2.0,0.7304270267486572,0.5123738563723035
2.0,0.7357650995254517,0.5114343977636762
2.0,0.7393238544464111,0.5092768751912646
2.0,0.7402135133743286,0.5113139607840114
2.0,0.7446619272232056,0.49285952746868134
2.0,0.7437722086906433,0.4948037076327536
2.0,0.7606761455535889,0.4805823788046837
2.0,0.7642348408699036,0.4813508383101887
2.0,0.7508896589279175,0.48956406364838284
2.0,0.7633451819419861,0.46766337379813194
2.0,0.7562277317047119,0.4884226719538371
2.0,0.7597864866256714,0.47669293897019493
2.0,0.7402135133743286,0.48964129553900826
2.0,0.7553380727767944,0.46942170212666195
2.0,0.7669039368629456,0.4575809571478102
2.0,0.7615658044815063,0.4624854359361861
2.0,0.7633451819419861,0.47097980562183595
2.0,0.7624555230140686,0.45785941183567047
2.0,0.7633451819419861,0.4717932699455155
2.0,0.7633451819419861,0.44891675810019177
2.0,0.7615658044815063,0.4493010979559686
2.0,0.7704626321792603,0.453618365029494
2.0,0.7758007049560547,0.45225465132130516
2.0,0.7695729732513428,0.44979670809374916
2.0,0.77224200963974,0.4523337533076604
2.0,0.7713522911071777,0.44522328343656326
2.0,0.7695729732513428,0.4600309406717618
2.0,0.7580071091651917,0.46113014552328324
2.0,0.7669039368629456,0.43741868229375946
2.0,0.7731316685676575,0.4491329772604836
2.0,0.7766903638839722,0.43305402083529365
2.0,0.7562277317047119,0.45620574636591804
2.0,0.7802491188049316,0.42789972697695094
2.0,0.7713522911071777,0.4380275218023194
2.0,0.7766903638839722,0.43152257991540766
2.0,0.7633451819419861,0.4371291730138991
2.0,0.7749110460281372,0.4364919136795733
2.0,0.7784697413444519,0.4362236178583569
2.0,0.767793595790863,0.45684899803664947
2.0,0.7766903638839722,0.44353962110148537
2.0,0.7704626321792603,0.4207519135541386
2.0,0.7829181551933289,0.43438582577639157
2.0,0.7811387777328491,0.4207911462419563
2.0,0.7811387777328491,0.4439420567618476
2.0,0.7758007049560547,0.42975364211532807
2.0,0.7811387777328491,0.4282923912008603
2.0,0.7758007049560547,0.4352150824334886
2.0,0.7642348408699036,0.44334184957875145
2.0,0.7909252643585205,0.42917929424179924
2.0,0.7909252643585205,0.430608799888028
2.0,0.7811387777328491,0.44071465896235573
2.0,0.7820284366607666,0.4363918498986297
2.0,0.7749110460281372,0.4262647127939595
2.0,0.7802491188049316,0.44464901669157875
2.0,0.7838078141212463,0.4339291867282655
2.0,0.7731316685676575,0.4362423105372323
2.0,0.7704626321792603,0.42667534409297836
2.0,0.7935943007469177,0.4109601877215836
2.0,0.7829181551933289,0.431643304725488
2.0,0.7749110460281372,0.42824286139673656
2.0,0.7615658044815063,0.4533640543619792
2.0,0.7829181551933289,0.4313662341899342
2.0,0.7811387777328491,0.4194952172951566
2.0,0.7775800824165344,0.4277595380942027
2.0,0.7855871915817261,0.44291701250606114
2.0,0.7686832547187805,0.42897064321570927
2.0,0.7855871915817261,0.44352907687425613
2.0,0.7882562279701233,0.427355095744133
2.0,0.790035605430603,0.4149863612320688
2.0,0.7864768505096436,0.4239079670773612
2.0,0.7775800824165344,0.4352127719256613
2.0,0.7838078141212463,0.4275694642629888
2.0,0.7775800824165344,0.4257015619013045
2.0,0.7802491188049316,0.42544152836004895
2.0,0.7846974730491638,0.43406202064620125
2.0,0.7793594002723694,0.4321507207221455
2.0,0.7846974730491638,0.42991603331433403
2.0,0.7793594002723694,0.43384253130190903
3.0,0.4973309636116028,0.6950837655199898
3.0,0.5071174502372742,0.6939360747734705
3.0,0.5231316685676575,0.6935416658719381
3.0,0.5249110460281372,0.6931758605771594
3.0,0.5320284366607666,0.6918394383456972
3.0,0.517793595790863,0.6914160135719511
3.0,0.5311387777328491,0.6919640451669693
3.0,0.5480427145957947,0.6895191404554579
3.0,0.5524911284446716,0.6889170739385817
3.0,0.5587188601493835,0.6882208089033762
3.0,0.5738434195518494,0.6864800867107179
3.0,0.5960854291915894,0.6841097606552972
3.0,0.5791814923286438,0.6830472317006853
3.0,0.6005337834358215,0.6805939906173282
3.0,0.599644124507904,0.6766591171423594
3.0,0.6120996475219727,0.6747488727172216
3.0,0.6227757930755615,0.6727507611115774
3.0,0.6316726207733154,0.6665195276339849
3.0,0.6352313160896301,0.6628908101055357
3.0,0.6441280841827393,0.6600109024180306
3.0,0.6476868391036987,0.6550974365737703
3.0,0.6610320210456848,0.6480711781316333
3.0,0.668149471282959,0.643607528673278
3.0,0.6717081665992737,0.6333133396175172
3.0,0.6797152757644653,0.6277657234006457
3.0,0.6806049942970276,0.6234518422020806
3.0,0.6886121034622192,0.6158413141965866
3.0,0.6930605173110962,0.6058208793401718
3.0,0.6983985900878906,0.5930351325207286
3.0,0.708185076713562,0.5847354912095599
3.0,0.7206405401229858,0.57115481628312
3.0,0.7268683314323425,0.5707804825570848
3.0,0.7224199175834656,0.5610922210746341
3.0,0.7259786128997803,0.5478131257825427
3.0,0.7357650995254517,0.5344030550784535
3.0,0.7330960631370544,0.5298866066667769
3.0,0.7384341359138489,0.5182585202985339
3.0,0.7437722086906433,0.5130064280496703
3.0,0.7517793774604797,0.5030536668168174
3.0,0.7553380727767944,0.4981311708688736
3.0,0.7553380727767944,0.49429457386334735
3.0,0.7660142183303833,0.49021949122349423
3.0,0.7624555230140686,0.4772242092423969
3.0,0.7660142183303833,0.47263268960846794
3.0,0.7784697413444519,0.483430748184522
3.0,0.7749110460281372,0.4584171353942818
3.0,0.7784697413444519,0.46321311593055725
3.0,0.7669039368629456,0.45589663750595516
3.0,0.7669039368629456,0.4528639531797833
3.0,0.7571174502372742,0.4636872725354301
3.0,0.7784697413444519,0.4438161195980178
3.0,0.7820284366607666,0.4492890164256096
3.0,0.7829181551933289,0.44937702682283187
3.0,0.7731316685676575,0.4501563385128975
3.0,0.7829181551933289,0.43733853184514576
3.0,0.7855871915817261,0.4413410234782431
3.0,0.7882562279701233,0.4402788372503387
3.0,0.7829181551933289,0.43236898713641697
3.0,0.7953736782073975,0.4350780016846127
3.0,0.7998220324516296,0.44059967001279193
3.0,0.7811387777328491,0.43623804218239254
3.0,0.7953736782073975,0.42522236870394814
3.0,0.8007117509841919,0.43105929179324043
3.0,0.7802491188049316,0.4421418541007572
3.0,0.7864768505096436,0.443183737496535
3.0,0.7971529960632324,0.4096104835884439
3.0,0.7704626321792603,0.43446820477644604
3.0,0.7953736782073975,0.4258767358130879
3.0,0.7882562279701233,0.4176514976554447
3.0,0.7935943007469177,0.40791398079858887
3.0,0.8042704463005066,0.41595248381296795
3.0,0.8087188601493835,0.4100831862952974
3.0,0.8104982376098633,0.4065452276004685
3.0,0.7953736782073975,0.40803100168704987
3.0,0.8131672739982605,0.40863384471999276
3.0,0.7998220324516296,0.4102709848019812
3.0,0.7882562279701233,0.4217718351218436
3.0,0.809608519077301,0.4079893289340867
3.0,0.8051601648330688,0.40720543679263854
3.0,0.7971529960632324,0.4182310162319077
3.0,0.8122775554656982,0.4021141313844257
3.0,0.8024910688400269,0.39790284550852245
3.0,0.7935943007469177,0.41474078098932904
3.0,0.8042704463005066,0.40310022317700916
3.0,0.8113878965377808,0.40743406779236263
3.0,0.8042704463005066,0.40342965970436734
3.0,0.790035605430603,0.41117016557190156
3.0,0.8060498237609863,0.40182184759113526
3.0,0.8024910688400269,0.41229748643106884
3.0,0.8131672739982605,0.4023440380891164
3.0,0.7864768505096436,0.41723057048188317
3.0,0.7935943007469177,0.40361733320686555
3.0,0.7971529960632324,0.41334155450264615
3.0,0.8104982376098633,0.39891710463497376
3.0,0.8078292012214661,0.3980100452899933
3.0,0.809608519077301,0.40582723253303105
3.0,0.7989323735237122,0.3941953227751785
3.0,0.7935943007469177,0.41683168336749077
3.0,0.7980427145957947,0.39402245978514355
3.0,0.8042704463005066,0.39915290226538974
3.0,0.7989323735237122,0.41938120871782303
3.0,0.7980427145957947,0.42270462214946747
3.0,0.8087188601493835,0.39540476765897536
3.0,0.7909252643585205,0.4067572620179918
3.0,0.8033807873725891,0.4104932008518113
3.0,0.8033807873725891,0.3897293686038918
3.0,0.8131672739982605,0.38932202756404877
3.0,0.8176156282424927,0.38588381475872463
3.0,0.8007117509841919,0.3922531877954801
3.0,0.8131672739982605,0.3768566178364886
3.0,0.7935943007469177,0.39270668228467304
3.0,0.814056932926178,0.38727164475454223
3.0,0.8078292012214661,0.3927595449818505
3.0,0.8069394826889038,0.3949530753824446
3.0,0.8042704463005066,0.4081534834371673
3.0,0.8087188601493835,0.39226745979653466
3.0,0.8060498237609863,0.399305103553666
3.0,0.8069394826889038,0.3928803155819575
3.0,0.8131672739982605,0.3890394518772761
3.0,0.8033807873725891,0.3875135729710261
3.0,0.8113878965377808,0.3916499200794432
3.0,0.8131672739982605,0.39848921861913467
3.0,0.8042704463005066,0.39804764795634484
3.0,0.8069394826889038,0.39257245055503315
3.0,0.8016014099121094,0.3834533621039655
3.0,0.8042704463005066,0.38390959054231644
3.0,0.8122775554656982,0.3759641709038988
3.0,0.7980427145957947,0.39814110265837777
3.0,0.8202846646308899,0.38456663986047107
3.0,0.8193950057029724,0.37693223274416393
3.0,0.8104982376098633,0.3816353409654564
3.0,0.8176156282424927,0.40295664469401044
3.0,0.8122775554656982,0.3760060096780459
3.0,0.8202846646308899,0.37678729328844285
3.0,0.8131672739982605,0.39091218842400444
3.0,0.8024910688400269,0.41516337047020596
3.0,0.8149465918540955,0.37982968737681705
3.0,0.8051601648330688,0.3869451449977027
3.0,0.8256227970123291,0.37305444872213733
3.0,0.814056932926178,0.3776215687394142
3.0,0.8149465918540955,0.388013547907273
3.0,0.8131672739982605,0.38868433692389065
3.0,0.8176156282424927,0.3800320476293564
3.0,0.814056932926178,0.3944946274989181
3.0,0.8176156282424927,0.377036001947191
3.0,0.8122775554656982,0.3855261405309041
3.0,0.8122775554656982,0.3822939813964897
3.0,0.8158363103866577,0.390464218126403
3.0,0.8087188601493835,0.3865093050731553
3.0,0.8122775554656982,0.3812994998362329
3.0,0.8211743831634521,0.38938454083270496
3.0,0.8113878965377808,0.37941183729304206
3.0,0.8078292012214661,0.3892186822162734
3.0,0.8185053467750549,0.37815041633115876
3.0,0.7989323735237122,0.4006111164473825
3.0,0.814056932926178,0.38363730079597896
3.0,0.8024910688400269,0.4061295762658119
3.0,0.809608519077301,0.3854256727629238
3.0,0.814056932926178,0.38487930471698445
4.0,0.496883362531662,0.6921020580662621
4.0,0.48797863721847534,0.6937174085113738
4.0,0.4951024055480957,0.6926744613382552
4.0,0.512911856174469,0.6911937048037847
4.0,0.5013357400894165,0.6910347160365846
4.0,0.5218165516853333,0.6891897502872679
4.0,0.512911856174469,0.6889927271339629
4.0,0.5102404356002808,0.6874639242887497
4.0,0.5325022339820862,0.6826436486509111
4.0,0.5529831051826477,0.6825293302536011
4.0,0.5547640323638916,0.6792822794781791
4.0,0.5636687874794006,0.6790198634068171
4.0,0.5832591652870178,0.6749704662296507
4.0,0.5805877447128296,0.6678543107377158
4.0,0.6108637452125549,0.6633278148041831
4.0,0.6144256591796875,0.6591842985815473
4.0,0.6233303546905518,0.6543641669882668
4.0,0.6313446164131165,0.6519224097331365
4.0,0.6304541826248169,0.6486754135953056
4.0,0.6402493715286255,0.6422217637300491
4.0,0.6464826464653015,0.6331873055961397
4.0,0.6651825904846191,0.6250188168552187
4.0,0.6696349382400513,0.6212524324655533
4.0,0.6705253720283508,0.6092054545879364
4.0,0.6740872859954834,0.60025737931331
4.0,0.6999109983444214,0.5906935118966632
4.0,0.6945681571960449,0.5827845931053162
4.0,0.7043633460998535,0.5762610766622756
4.0,0.7079252004623413,0.5661197089486651
4.0,0.7230632305145264,0.5557325548595853
4.0,0.7212823033332825,0.5449636777242025
4.0,0.7462155222892761,0.5218336706360182
4.0,0.7524487972259521,0.525628112256527
4.0,0.7453250288963318,0.5052836851941215
4.0,0.758682131767273,0.49526527358425987
4.0,0.7595725655555725,0.4899594394697083
4.0,0.7613535523414612,0.4786095805466175
4.0,0.7684773206710815,0.470711341748635
4.0,0.7729296684265137,0.47117212663094205
4.0,0.7756010890007019,0.46410021517011857
4.0,0.7827248573303223,0.4415569504102071
4.0,0.7871772050857544,0.452210014892949
4.0,0.7747105956077576,0.4441037534011735
4.0,0.7658059000968933,0.43505482085876995
4.0,0.7836153507232666,0.44462521705362534
4.0,0.790739119052887,0.4247209620144632
4.0,0.7853962779045105,0.4298934443957276
4.0,0.7943009734153748,0.4231763829787572
4.0,0.7871772050857544,0.4209373626444075
4.0,0.7693678140640259,0.4245752721197075
4.0,0.7934105396270752,0.4300728936990102
4.0,0.7916296124458313,0.4120966349211004
4.0,0.7898486256599426,0.41531410978900063
4.0,0.7916296124458313,0.4004030455317762
4.0,0.805877149105072,0.39998289735780823
4.0,0.7943009734153748,0.3986608092155721
4.0,0.7951914668083191,0.4042646835247676
4.0,0.7960819602012634,0.4074182224770387
4.0,0.7960819602012634,0.3992767056657208
4.0,0.7925200462341309,0.41112467646598816
4.0,0.8094390034675598,0.40404223733478123
4.0,0.8138914108276367,0.3861578206221263
4.0,0.8040961623191833,0.39560772726933163
4.0,0.8023152351379395,0.3912789478070206
4.0,0.7880676984786987,0.3953061190744241
4.0,0.7836153507232666,0.40528907005985576
4.0,0.7916296124458313,0.3966559370358785
4.0,0.8085485696792603,0.3829355037046803
4.0,0.7987533807754517,0.3947167520721753
4.0,0.8085485696792603,0.3791756783094671
4.0,0.8014248013496399,0.3995049637224939
4.0,0.7925200462341309,0.4063735289706124
4.0,0.8183437585830688,0.3802478578355577
4.0,0.812110424041748,0.38346004527476096
4.0,0.8210151791572571,0.38783945846888757
4.0,0.8263579607009888,0.38204144024186665
4.0,0.8201246857643127,0.38399502841962707
4.0,0.8032057285308838,0.3846417435755332
4.0,0.7987533807754517,0.399874296453264
4.0,0.8236865997314453,0.3687139501174291
4.0,0.812110424041748,0.3754527605035239
4.0,0.8014248013496399,0.38648203843169743
4.0,0.8147818446159363,0.3712668704489867
4.0,0.8112199902534485,0.38719530403614044
4.0,0.8130009174346924,0.38674289402034545
4.0,0.8094390034675598,0.3960637085967594
4.0,0.8094390034675598,0.3732008607023292
4.0,0.8067675828933716,0.40868158638477325
4.0,0.8067675828933716,0.3930581207904551
4.0,0.8317008018493652,0.36833228005303276
4.0,0.8299198746681213,0.3689703221122424
4.0,0.8192341923713684,0.3833428704076343
4.0,0.8192341923713684,0.388864155444834
4.0,0.8219056129455566,0.3671130947768688
4.0,0.8334817886352539,0.3650127574801445
4.0,0.8308103680610657,0.36980512945188415
4.0,0.8165627717971802,0.36729425978329444
4.0,0.8183437585830688,0.3867132109072473
4.0,0.8165627717971802,0.3937200953563054
4.0,0.8183437585830688,0.38257452473044395
4.0,0.8236865997314453,0.368857715692785
4.0,0.8308103680610657,0.3618389521208074
4.0,0.7729296684265137,0.40687555198868114
4.0,0.8183437585830688,0.3647588938474655
4.0,0.8334817886352539,0.36789238701264065
4.0,0.8076580762863159,0.3894253658751647
4.0,0.8317008018493652,0.3552765277110868
4.0,0.8281389474868774,0.37395551428198814
4.0,0.8245770335197449,0.36912835306591457
4.0,0.8352627158164978,0.36071133241057396
4.0,0.8005343079566956,0.3877579793334007
4.0,0.8263579607009888,0.36730414217648405
4.0,0.8263579607009888,0.3787020730475585
4.0,0.8334817886352539,0.35533970014916527
4.0,0.8245770335197449,0.37288255658414626
4.0,0.7764915823936462,0.4213846218254831
4.0,0.8263579607009888,0.3666835063033634
4.0,0.8272484540939331,0.3641119951175319
4.0,0.8049866557121277,0.4190508367286788
4.0,0.8183437585830688,0.38206419514285195
4.0,0.8201246857643127,0.36960187554359436
4.0,0.8414959907531738,0.3658996874259578
4.0,0.7853962779045105,0.395307388363613
4.0,0.8299198746681213,0.3605968492726485
4.0,0.8085485696792603,0.40479541859692997
4.0,0.8183437585830688,0.37519849257336724
4.0,0.8183437585830688,0.3716653531624211
5.0,0.519145131111145,0.6921399202611711
5.0,0.5494211912155151,0.69139996667703
5.0,0.5467497706413269,0.6914715535110898
5.0,0.5396260023117065,0.6905308912197748
5.0,0.5476402640342712,0.6901809556616677
5.0,0.5609973669052124,0.6902787685394287
5.0,0.5663401484489441,0.6876587834623125
5.0,0.5565449595451355,0.6870058145787981
5.0,0.5823686718940735,0.68567180302408
5.0,0.5788067579269409,0.6843487107091479
5.0,0.5841495990753174,0.6834612720542483
5.0,0.593944787979126,0.6815317902300093
5.0,0.6010685563087463,0.677403966585795
5.0,0.6081923842430115,0.6751920912000868
5.0,0.609082818031311,0.671695566839642
5.0,0.6215494275093079,0.6645939863390393
5.0,0.6286731958389282,0.6636317339208391
5.0,0.6286731958389282,0.660116066535314
5.0,0.6304541826248169,0.6548538307348887
5.0,0.6402493715286255,0.6508583029111227
5.0,0.6500445604324341,0.640624710255199
5.0,0.6438112258911133,0.6372320453325907
5.0,0.658058762550354,0.6324341346820196
5.0,0.6660730242729187,0.6227325465944078
5.0,0.6714158654212952,0.6098421232567893
5.0,0.6829919815063477,0.6082765873935487
5.0,0.6821015477180481,0.597799209256967
5.0,0.6945681571960449,0.5892274164491229
5.0,0.7061442732810974,0.5802954087654749
5.0,0.715939462184906,0.5639836804734336
5.0,0.7195013761520386,0.556203354563978
5.0,0.7301869988441467,0.5508595042758517
5.0,0.7346394062042236,0.5415606018569734
5.0,0.7364203333854675,0.5370455640885565
5.0,0.7471059560775757,0.5312968302104208
5.0,0.7524487972259521,0.5210319914751582
5.0,0.7577916383743286,0.5073986732297473
5.0,0.7658059000968933,0.5027629476454523
5.0,0.756901204586029,0.5031403981977038
5.0,0.7622439861297607,0.5008583499325646
5.0,0.7747105956077576,0.4893403591381179
5.0,0.7711487412452698,0.48114226510127384
5.0,0.773820161819458,0.473635936776797
5.0,0.7818343639373779,0.4649207840363185
5.0,0.7782725095748901,0.46532290511661106
5.0,0.7862867712974548,0.46650316814581555
5.0,0.7747105956077576,0.4704306738244163
5.0,0.7916296124458313,0.4607242171963056
5.0,0.7880676984786987,0.4573585374487771
5.0,0.7889581918716431,0.4441751307911343
5.0,0.796972393989563,0.4444018403689067
5.0,0.7827248573303223,0.4402881436463859
5.0,0.7675868272781372,0.45034677700863945
5.0,0.7818343639373779,0.4359828643500805
5.0,0.7845057845115662,0.45303071041901904
5.0,0.7782725095748901,0.45032062960995567
5.0,0.7889581918716431,0.4482296274767982
5.0,0.7880676984786987,0.43591481695572537
5.0,0.7836153507232666,0.4517648344238599
5.0,0.7943009734153748,0.432371342761649
5.0,0.7960819602012634,0.45309630988372696
5.0,0.7934105396270752,0.4320244151684973
5.0,0.8005343079566956,0.41770604252815247
5.0,0.7951914668083191,0.4300886591275533
5.0,0.8085485696792603,0.42491222338544
5.0,0.7862867712974548,0.42544829348723096
5.0,0.8049866557121277,0.42862465729316074
5.0,0.7934105396270752,0.4242735008398692
5.0,0.7934105396270752,0.42107324881686103
5.0,0.7916296124458313,0.4280979219410155
5.0,0.7818343639373779,0.4421535175707605
5.0,0.7898486256599426,0.4317072646485435
5.0,0.8049866557121277,0.4199511653019322
5.0,0.7960819602012634,0.41740235769086415
5.0,0.805877149105072,0.4136431947764423
5.0,0.8067675828933716,0.4171632453799248
5.0,0.8040961623191833,0.42916664853692055
5.0,0.7951914668083191,0.4453176673915651
5.0,0.7853962779045105,0.42875629083977806
5.0,0.7960819602012634,0.4162581546439065
5.0,0.8085485696792603,0.4085843912843201
5.0,0.7960819602012634,0.414190669854482
5.0,0.796972393989563,0.4330104688803355
5.0,0.8023152351379395,0.4262627056903309
5.0,0.8076580762863159,0.41265227893988293
5.0,0.8040961623191833,0.4042442883882258
5.0,0.8005343079566956,0.40968845163782436
5.0,0.8040961623191833,0.4026958946552541
5.0,0.812110424041748,0.4092474869555897
5.0,0.8014248013496399,0.40298815278543365
5.0,0.7987533807754517,0.41058891928858227
5.0,0.7951914668083191,0.4149054293003347
5.0,0.796972393989563,0.41892237754331696
5.0,0.8067675828933716,0.409897870487637
5.0,0.805877149105072,0.41055928170681
5.0,0.8040961623191833,0.40227226664622623
5.0,0.7987533807754517,0.41522153839468956
5.0,0.8032057285308838,0.41153832897543907
5.0,0.7889581918716431,0.4101061527099874
5.0,0.8032057285308838,0.3978130351752043
5.0,0.8103294968605042,0.4026147851513492
5.0,0.8076580762863159,0.39903848535484737
5.0,0.8049866557121277,0.40251537577973473
5.0,0.7996438145637512,0.40301085429059136
5.0,0.8147818446159363,0.4068322355548541
5.0,0.812110424041748,0.4381200828486019
5.0,0.8103294968605042,0.3932826767365138
5.0,0.7853962779045105,0.4175675767991278
5.0,0.8067675828933716,0.40668829820222324
5.0,0.8138914108276367,0.40979482523269123
5.0,0.8005343079566956,0.4084910990463363
5.0,0.796972393989563,0.40945953958564335
5.0,0.8049866557121277,0.3914864197787311
5.0,0.8156723380088806,0.39232943972779644
5.0,0.8130009174346924,0.3998139566845364
5.0,0.7889581918716431,0.41668498433298534
5.0,0.8130009174346924,0.40786680827538174
5.0,0.8040961623191833,0.4000558517873287
5.0,0.8138914108276367,0.4295467734336853
5.0,0.8156723380088806,0.4127940059536033
5.0,0.8103294968605042,0.4182719993922446
5.0,0.8005343079566956,0.40352806655897033
5.0,0.8138914108276367,0.3976667953862084
5.0,0.8005343079566956,0.4133314262661669
5.0,0.8103294968605042,0.41816405869192547
5.0,0.8147818446159363,0.3891515599615458
5.0,0.8094390034675598,0.40217141517334515
5.0,0.8156723380088806,0.40094202674097484
5.0,0.8085485696792603,0.39467040614949334
5.0,0.8112199902534485,0.4005231311958697
5.0,0.8049866557121277,0.39927255858977634
5.0,0.8130009174346924,0.3894044312958916
5.0,0.7916296124458313,0.42498837370011544
5.0,0.8219056129455566,0.3883243078986804
5.0,0.805877149105072,0.38969769866930115
5.0,0.8085485696792603,0.4016246911552217
5.0,0.7978628873825073,0.41339390435152584
5.0,0.8049866557121277,0.3974621722267734
5.0,0.7747105956077576,0.43490895132223767
5.0,0.8085485696792603,0.39265566872846747
5.0,0.8067675828933716,0.3969931825995445
5.0,0.8210151791572571,0.4098466953469647
5.0,0.7987533807754517,0.4144916915231281
5.0,0.8147818446159363,0.39416290612684357
5.0,0.8130009174346924,0.399548980096976
5.0,0.8040961623191833,0.39400910874569994
5.0,0.8085485696792603,0.4046328759027852
5.0,0.8192341923713684,0.4008427879048718
5.0,0.8014248013496399,0.402708334227403
5.0,0.7987533807754517,0.39271447284974986
5.0,0.8094390034675598,0.3888027341761497
5.0,0.8014248013496399,0.4125998467206955
5.0,0.8112199902534485,0.38635731778211063
5.0,0.8103294968605042,0.4036652979751428
5.0,0.8112199902534485,0.44202254133092034
5.0,0.8103294968605042,0.3882666813830535
5.0,0.8165627717971802,0.38788368759883773
5.0,0.8005343079566956,0.4170094546344545
5.0,0.8067675828933716,0.40243002358410096
5.0,0.7996438145637512,0.3982584948341052
5.0,0.8032057285308838,0.4030577205121517
5.0,0.7960819602012634,0.41574766238530475
5.0,0.8156723380088806,0.3943372190826469
5.0,0.8147818446159363,0.39995283757646877
5.0,0.7934105396270752,0.3961174144513077
5.0,0.8138914108276367,0.39714580091337365
5.0,0.7871772050857544,0.4164797129730384
5.0,0.8094390034675598,0.39746231420172584
5.0,0.8067675828933716,0.412097511606084
5.0,0.8067675828933716,0.4085097023182445
5.0,0.7925200462341309,0.4202348304291566
5.0,0.8219056129455566,0.3989238209194607
5.0,0.8112199902534485,0.4079955170551936
